AirTemp,DewPoint,WindDirection,WindSpeed,SkyCond,Precip_1HR
11.084550289027936,5.962910783573793,145.36747027073855,2.706605695411437,2.025858169130318,0.14958071357412348
